1066.97998,0,1066.97998,3.40120068395313E-4
1066.959961,0,1066.959961,5.31735670529564E-4
1066.939941,0,1066.939941,0
1066.920044,0,1066.920044,0
1066.900024,0,1066.900024,0.00193871557885621
1066.880005,0.00166634577053206,1066.880005,4.25172596489872E-4
1066.859985,6.89933984854087E-4,1066.859985,6.24312486677634E-4
1066.839966,6.96712578980606E-4,1066.839966,0.00168112402741436
1066.819946,8.54033869142124E-4,1066.819946,0.00119767134773236
1066.800049,0,1066.800049,0
1066.780029,0,1066.780029,0
1066.76001,0,1066.76001,0
1066.73999,0,1066.73999,0
1066.719971,4.96709777601281E-4,1066.719971,0
1066.699951,0,1066.699951,6.56734485253791E-4
1066.680054,0.00311542017692411,1066.680054,0.00331074644897287
1066.660034,0,1066.660034,0
1066.640015,0,1066.640015,0.00184766294890944
1066.619995,0,1066.619995,0
1066.599976,7.65941793899295E-4,1066.599976,9.89642264621962E-4
1066.579956,0,1066.579956,0.00198086024667293
1066.560059,0,1066.560059,0
1066.540039,0.00159739387205461,1066.540039,9.80012344060206E-4
1066.52002,0,1066.52002,0.00152369697572484
1066.5,2.82123247611198E-4,1066.5,0
1066.47998,0,1066.47998,0
1066.459961,0.00295774773956089,1066.459961,0
1066.439941,0.00112645437254434,1066.439941,0.00218156124955146
1066.420044,0,1066.420044,0
1066.400024,0.00128753154519309,1066.400024,0
1066.380005,0,1066.380005,0.00148271520032841
1066.359985,0,1066.359985,0.00100971809122561
1066.339966,2.64620358150463E-4,1066.339966,4.91693642157259E-4
1066.319946,0,1066.319946,0
1066.300049,2.96106615275832E-5,1066.300049,1.65220336224819E-4
1066.280029,0.00105600243452454,1066.280029,0.00233986429223019
1066.26001,0,1066.26001,0
1066.23999,0,1066.23999,0
1066.219971,0.00330499201647143,1066.219971,0.00103892994801007
1066.199951,0,1066.199951,0.00128204593147696
1066.180054,0,1066.180054,4.49520738868227E-4
1066.160034,0,1066.160034,0.00174651384247554
1066.140015,0,1066.140015,3.6708021024751E-4
1066.119995,0.00179416393098547,1066.119995,0.00313125545997113
1066.099976,0,1066.099976,0
1066.079956,0,1066.079956,0
1066.060059,3.17738471674834E-4,1066.060059,0
1066.040039,3.39814043173035E-4,1066.040039,0.00356032367995438
1066.02002,0.00344331059445173,1066.02002,0.00199045057205903
1066,0,1066,0
1065.97998,1.63168797868683E-5,1065.97998,4.77882027217226E-4
1065.959961,0,1065.959961,0
1065.939941,0,1065.939941,0
1065.920044,5.69723149006885E-4,1065.920044,0
1065.900024,0,1065.900024,0
1065.880005,0,1065.880005,8.73282524614398E-4
1065.859985,0,1065.859985,7.34090173906324E-4
1065.839966,0.00152934992149186,1065.839966,0.00174938616638688
1065.819946,0,1065.819946,3.76327127732218E-4
1065.800049,0,1065.800049,8.80987225398603E-4
1065.780029,0,1065.780029,0
1065.76001,0.00273497546175308,1065.76001,0
1065.73999,4.62070222475173E-4,1065.73999,0
1065.719971,1.50389711119661E-4,1065.719971,0.0016438324364303
1065.699951,2.03495359909599E-4,1065.699951,0
1065.680054,7.21639880501766E-4,1065.680054,0
1065.660034,0,1065.660034,0
1065.640015,0,1065.640015,0
1065.619995,0.00207761012659093,1065.619995,0
1065.599976,0,1065.599976,0
1065.579956,0.00123217631654355,1065.579956,8.60581224940211E-4
1065.560059,0,1065.560059,0
1065.540039,7.13561262296028E-4,1065.540039,1.22403863033414E-4
1065.52002,7.89631621152601E-5,1065.52002,0
1065.5,1.45817137590189E-4,1065.5,3.90492283720971E-4
1065.47998,0,1065.47998,0
1065.459961,3.04687503298631E-4,1065.459961,0.0015039296863769
1065.439941,0,1065.439941,0
1065.420044,0,1065.420044,0
1065.400024,2.63516263208755E-4,1065.400024,6.61362758114747E-4
1065.380005,6.99059101609188E-4,1065.380005,0
1065.359985,0,1065.359985,0
1065.339966,0,1065.339966,0
1065.319946,0,1065.319946,0
1065.300049,0,1065.300049,1.55074745031512E-4
1065.280029,0.0013053393733674,1065.280029,0.00152964688074084
1065.26001,1.64411114912343E-4,1065.26001,0
1065.23999,0,1065.23999,4.15601960372114E-4
1065.219971,0.0017682726396944,1065.219971,0
1065.199951,0.0019974864654193,1065.199951,0.00214847234030542
1065.180054,0,1065.180054,0.00126649632500231
1065.160034,0,1065.160034,0
1065.140015,0,1065.140015,0
1065.119995,0,1065.119995,0
1065.099976,0,1065.099976,0.00139833398189445
1065.079956,0,1065.079956,0
1065.060059,0,1065.060059,0
1065.040039,9.92067466212279E-4,1065.040039,2.3694905886516E-5
1065.02002,0,1065.02002,0
1065,1.86299922704487E-4,1065,4.24085342238795E-5
1064.97998,0,1064.97998,0
1064.959961,2.8667720085841E-4,1064.959961,0
1064.939941,0,1064.939941,4.08649309759069E-4
1064.920044,0,1064.920044,0
1064.900024,3.59378690882913E-4,1064.900024,0.00214977356222384
1064.880005,0,1064.880005,0
1064.859985,0,1064.859985,0
1064.839966,0.00285805328551648,1064.839966,5.21927897797418E-4
1064.819946,0,1064.819946,0
1064.800049,1.81603786134174E-4,1064.800049,0
1064.780029,0,1064.780029,0
1064.76001,3.64532146329623E-4,1064.76001,0.00341037840019508
1064.73999,0,1064.73999,0
1064.719971,0,1064.719971,0
1064.699951,0.0010148921537013,1064.699951,0.00140705682600161
1064.680054,7.6241239244068E-4,1064.680054,0
1064.660034,1.52656338089735E-4,1064.660034,6.4275136465838E-4
1064.640015,6.25706225579593E-4,1064.640015,0
1064.619995,0,1064.619995,1.53873186718004E-5
1064.599976,3.27346849160601E-4,1064.599976,0
1064.579956,0,1064.579956,0
1064.560059,0,1064.560059,0
1064.540039,0,1064.540039,4.10452354935984E-4
1064.52002,0,1064.52002,0
1064.5,0.00130399364810888,1064.5,7.65711115634229E-4
1064.47998,0,1064.47998,0
1064.459961,2.39017482270764E-4,1064.459961,0
1064.439941,0.00118153575535851,1064.439941,1.54508138106616E-4
1064.420044,0,1064.420044,0
1064.400024,4.58513450991338E-4,1064.400024,9.71187014620756E-4
1064.380005,0,1064.380005,0
1064.359985,0,1064.359985,0
1064.339966,0.00248998085460943,1064.339966,0.00108701629862926
1064.319946,0.00296940326835347,1064.319946,0.00158138620091499
1064.300049,0,1064.300049,0
1064.280029,7.83265783668894E-4,1064.280029,0
1064.26001,0,1064.26001,8.81428033908577E-4
1064.23999,0,1064.23999,0
1064.219971,0,1064.219971,0
1064.199951,0.00201513839051204,1064.199951,0
1064.180054,7.19969474577581E-4,1064.180054,0.0018385334817858
1064.160034,0,1064.160034,0
1064.140015,9.86473558864722E-4,1064.140015,4.74473839076676E-4
1064.119995,0,1064.119995,0.00138301300213031
1064.099976,0,1064.099976,0
1064.079956,0.00117161484524957,1064.079956,9.92443619427508E-4
1064.060059,0,1064.060059,0.00118055143399487
1064.040039,8.11131553377826E-4,1064.040039,0.00207284743079422
1064.02002,0,1064.02002,0
1064,0,1064,0
1063.97998,9.10837650194057E-4,1063.97998,2.99685607246074E-4
1063.959961,0,1063.959961,7.33961869236041E-4
1063.939941,6.73837345789482E-4,1063.939941,0.00165989526139248
1063.920044,0,1063.920044,0
1063.900024,0.00150093508755398,1063.900024,3.01867657068769E-5
1063.880005,0,1063.880005,0.00100932589338289
1063.859985,0,1063.859985,0
1063.839966,0.00189855461292937,1063.839966,0.00300127897864728
1063.819946,0.00102801749508678,1063.819946,0
1063.800049,9.65364291908922E-5,1063.800049,0.0011588053374107
1063.780029,0,1063.780029,0.00256653506069386
1063.76001,0.00139332565671351,1063.76001,0.00122675619871234
1063.73999,0.00250037381719446,1063.73999,0.00110143871358508
1063.719971,0.00202401497038743,1063.719971,3.52001523356863E-4
1063.699951,0,1063.699951,0.00112632672375433
1063.680054,8.89883383898243E-4,1063.680054,8.05454415423706E-4
1063.660034,0.0031975393573588,1063.660034,0.00268883028122126
1063.640015,0,1063.640015,2.41190258488814E-4
1063.619995,0,1063.619995,0.00220484058277342
1063.599976,9.69916726626557E-4,1063.599976,0.00239779123173864
1063.579956,9.41558150977528E-4,1063.579956,0.00140485667820993
1063.560059,0.0021175161967667,1063.560059,0.00231810629695887
1063.540039,0.00317522765159984,1063.540039,0.00248094580220141
1063.52002,0.00139845387551086,1063.52002,0.00336316429052329
1063.5,5.06676316097928E-4,1063.5,5.44914632893404E-4
1063.47998,0,1063.47998,0
1063.459961,0,1063.459961,0.00142399650831527
1063.439941,1.87522464603083E-4,1063.439941,0.00175781388781745
1063.420044,0.00189571882736991,1063.420044,0.00185252727683556
1063.400024,0,1063.400024,0.00237206754594971
1063.380005,2.28507013293213E-4,1063.380005,0.00141401182063279
1063.359985,0.00357508667811159,1063.359985,0.0036974413744289
1063.339966,0.00132402998686036,1063.339966,0.00589965282843965
1063.319946,0.00266992855243946,1063.319946,0.00219310795065107
1063.300049,0,1063.300049,0.00234553032663106
1063.280029,0,1063.280029,0.00222715348356141
1063.26001,0,1063.26001,0.00377708837318936
1063.23999,8.18999784580892E-6,1063.23999,0.00150511969642018
1063.219971,0,1063.219971,0.00289519270209657
1063.199951,0,1063.199951,0.00608406829414097
1063.180054,0,1063.180054,0.00237012025687598
1063.160034,0.00166197624874843,1063.160034,0.00502033450184598
1063.140015,0.00178232386290071,1063.140015,0.0112398192831199
1063.119995,0,1063.119995,0.00537036529749656
1063.099976,0,1063.099976,0.0081306042467115
1063.079956,5.7865768758262E-4,1063.079956,0.0104565187376711
1063.060059,0,1063.060059,0.00784757403589088
1063.040039,0,1063.040039,0.00973924830707967
1063.02002,0,1063.02002,0.00949124102423206
1063,0.00101055105072409,1063,0.0153630807982691
1062.97998,0,1062.97998,0.0155347676346807
1062.959961,3.12868912931836E-4,1062.959961,0.0178487445189814
1062.939941,0.00105198008299848,1062.939941,0.0198234050356403
1062.920044,0,1062.920044,0.0215937196462308
1062.900024,0.00288737577911439,1062.900024,0.0281480827222963
1062.880005,8.75635833530028E-4,1062.880005,0.0284745048702628
1062.859985,0,1062.859985,0.0308259689498196
1062.839966,0,1062.839966,0.0385273272696746
1062.819946,0,1062.819946,0.0409663322228009
1062.800049,0.00273605406614837,1062.800049,0.0522944782136275
1062.780029,0.00308363676279707,1062.780029,0.057547249187751
1062.76001,0,1062.76001,0.0636802616502208
1062.73999,0.00339095877097718,1062.73999,0.0728381666361467
1062.719971,7.19491564902114E-4,1062.719971,0.0774131633964342
1062.699951,0.00124774334303845,1062.699951,0.0898332635810408
1062.680054,7.38017523823553E-4,1062.680054,0.105129143039466
1062.660034,0.00331799486126135,1062.660034,0.121869064962189
1062.640015,0.00301483946685815,1062.640015,0.136300830435287
1062.619995,0.0020316441703216,1062.619995,0.152765807887844
1062.599976,5.25591566371836E-4,1062.599976,0.176665336751794
1062.579956,0.00108065878353034,1062.579956,0.202919835442318
1062.560059,0.00691252911355762,1062.560059,0.229665085475159
1062.540039,0.00628583329876547,1062.540039,0.254149444976512
1062.52002,0.00258832018357496,1062.52002,0.283999593145532
1062.5,0.0022728053764016,1062.5,0.31886567121514
1062.47998,0.00478057308938473,1062.47998,0.36798250167198
1062.459961,0.00345529875847764,1062.459961,0.421649177521265
1062.439941,0.00344363599905401,1062.439941,0.477818796323696
1062.420044,0.00582325378402613,1062.420044,0.524291108229565
1062.400024,0.00633951710929954,1062.400024,0.582800713921747
1062.380005,0.00737113783553779,1062.380005,0.636516538744497
1062.359985,0.00742201247117577,1062.359985,0.691282770995463
1062.339966,0.00991156581399639,1062.339966,0.736695997814399
1062.319946,0.0105248324368752,1062.319946,0.774361629817638
1062.300049,0.0126536509941501,1062.300049,0.805002242273581
1062.280029,0.0126306581018011,1062.280029,0.839515175013905
1062.26001,0.0140411378929964,1062.26001,0.87244610837598
1062.23999,0.0145978831776364,1062.23999,0.900574103177449
1062.219971,0.0147762865854326,1062.219971,0.920248471058131
1062.199951,0.0180645837968993,1062.199951,0.937235559650301
1062.180054,0.0242266560704403,1062.180054,0.950385629461703
1062.160034,0.0227918898803815,1062.160034,0.959772237843302
1062.140015,0.027699809227209,1062.140015,0.969383137058462
1062.119995,0.027784683781792,1062.119995,0.96924097039829
1062.099976,0.0329092034271118,1062.099976,0.969181961931814
1062.079956,0.0385666355080332,1062.079956,0.975125630107488
1062.060059,0.0420871952248263,1062.060059,0.973524207371192
1062.040039,0.0482487977499876,1062.040039,0.968792314775774
1062.02002,0.0571323144792892,1062.02002,0.968960921457162
1062,0.0661345384876061,1062,0.965107876232841
1061.97998,0.0770629398422023,1061.97998,0.962264250595835
1061.959961,0.091411638372644,1061.959961,0.958708167736919
1061.939941,0.107351421834085,1061.939941,0.95999335295095
1061.920044,0.119740927131897,1061.920044,0.956767539488631
1061.900024,0.134210295208449,1061.900024,0.954305289329212
1061.880005,0.1495847635928,1061.880005,0.954116447910053
1061.859985,0.168625829370441,1061.859985,0.94979665393425
1061.839966,0.188891204620539,1061.839966,0.952197163149639
1061.819946,0.223100822153902,1061.819946,0.953763431905907
1061.800049,0.261747287769192,1061.800049,0.952523075276431
1061.780029,0.29133945546806,1061.780029,0.953946217404414
1061.76001,0.329339357375364,1061.76001,0.952365990438805
1061.73999,0.367839727362348,1061.73999,0.954246502632117
1061.719971,0.420309959942161,1061.719971,0.954923879829394
1061.699951,0.466941626630504,1061.699951,0.956802841089046
1061.680054,0.51302711940121,1061.680054,0.958903212793919
1061.660034,0.554131811577499,1061.660034,0.957149358117778
1061.640015,0.603276462929598,1061.640015,0.95903984034999
1061.619995,0.661807811101422,1061.619995,0.96335424313248
1061.599976,0.720937869791438,1061.599976,0.964356424674448
1061.579956,0.777885454410161,1061.579956,0.96652008816021
1061.560059,0.815875415510017,1061.560059,0.968221581449676
1061.540039,0.846017681563659,1061.540039,0.967265262222169
1061.52002,0.877565071684928,1061.52002,0.968068632209276
1061.5,0.905271991805879,1061.5,0.969336831689241
1061.47998,0.921146206274417,1061.47998,0.972250543516922
1061.459961,0.933722125975718,1061.459961,0.973577825031556
1061.439941,0.937327569506185,1061.439941,0.970068195355847
1061.420044,0.944391842662706,1061.420044,0.974481634477599
1061.400024,0.948956348457868,1061.400024,0.973772057644029
1061.380005,0.951584217852316,1061.380005,0.976243834690788
1061.359985,0.951964969683931,1061.359985,0.977386704946659
1061.339966,0.95058072699939,1061.339966,0.978709703050079
1061.319946,0.947412681714136,1061.319946,0.978058986578596
1061.300049,0.945009472296889,1061.300049,0.977043511264227
1061.280029,0.941859864732594,1061.280029,0.981744238050057
1061.26001,0.939046950872338,1061.26001,0.979673702893692
1061.23999,0.938039905751765,1061.23999,0.981493951314842
1061.219971,0.938728028603592,1061.219971,0.984685497293854
1061.199951,0.936887653739645,1061.199951,0.980189416891758
1061.180054,0.936910312208029,1061.180054,0.981951912345719
1061.160034,0.932700567571321,1061.160034,0.980053674864405
1061.140015,0.934866084793717,1061.140015,0.981014573227899
1061.119995,0.935025286692982,1061.119995,0.980299161275053
1061.099976,0.936173318151788,1061.099976,0.980248350822038
1061.079956,0.937680627632651,1061.079956,0.979959735058484
1061.060059,0.939683462644387,1061.060059,0.976739534268458
1061.040039,0.940962335817533,1061.040039,0.979224308685243
1061.02002,0.941405879905028,1061.02002,0.97684122874268
1061,0.943394497749119,1061,0.978439106653696
1060.97998,0.948926729560807,1060.97998,0.979114047388594
1060.959961,0.950791614128797,1060.959961,0.979424671657764
1060.939941,0.954159735633899,1060.939941,0.979920961716981
1060.920044,0.95215971445378,1060.920044,0.978520345298367
1060.900024,0.958401838945976,1060.900024,0.978673663347732
1060.880005,0.961921461485635,1060.880005,0.980826026662311
1060.859985,0.965108240802137,1060.859985,0.979664766294297
1060.839966,0.964902389006549,1060.839966,0.977794150765294
1060.819946,0.967408672379679,1060.819946,0.977809511997507
1060.800049,0.96643931748153,1060.800049,0.977112490156804
1060.780029,0.966485819271235,1060.780029,0.975619630840711
1060.76001,0.974290418203498,1060.76001,0.980418877052452
1060.73999,0.97493418700568,1060.73999,0.979725400037028
1060.719971,0.972779184285499,1060.719971,0.976576245792993
1060.699951,0.976963531063737,1060.699951,0.975177548923404
1060.680054,0.975472067340974,1060.680054,0.974790042988969
1060.660034,0.977737919032111,1060.660034,0.9754834464362
1060.640015,0.978790651355995,1060.640015,0.975431675724672
1060.619995,0.977662168223666,1060.619995,0.974122414545213
1060.599976,0.9781499184483,1060.599976,0.973850267408771
1060.579956,0.977700969051608,1060.579956,0.973955212435502
1060.560059,0.974010000743569,1060.560059,0.973452275102884
1060.540039,0.979784072123614,1060.540039,0.977381387708739
1060.52002,0.975603057258987,1060.52002,0.973525684543059
1060.5,0.978562733130271,1060.5,0.973707510267053
1060.47998,0.976617581763731,1060.47998,0.975536694319595
1060.459961,0.978294089467025,1060.459961,0.973413132952415
1060.439941,0.977548727872186,1060.439941,0.975545114005637
1060.420044,0.976478076200504,1060.420044,0.975744146942677
1060.400024,0.976327981887645,1060.400024,0.97675002063991
1060.380005,0.975754336618896,1060.380005,0.974906139404893
1060.359985,0.971872325332939,1060.359985,0.974328833341588
1060.339966,0.973789117096887,1060.339966,0.971190904054938
1060.319946,0.972756229700936,1060.319946,0.972339904670857
1060.300049,0.977096594086169,1060.300049,0.974888932191847
1060.280029,0.970986866136628,1060.280029,0.972374394601147
1060.26001,0.972347488436216,1060.26001,0.974820988093979
1060.23999,0.970746879065652,1060.23999,0.970970601198216
1060.219971,0.969765750273765,1060.219971,0.971339496315931
1060.199951,0.970578790672297,1060.199951,0.972109337115264
1060.180054,0.971053656785896,1060.180054,0.973737346041159
1060.160034,0.968738119983338,1060.160034,0.971820277038546
1060.140015,0.969666674808325,1060.140015,0.97171119670499
1060.119995,0.968420308417165,1060.119995,0.9681769739569
1060.099976,0.971638410050938,1060.099976,0.971250429434767
1060.079956,0.970973019235526,1060.079956,0.972171668734439
1060.060059,0.971907942742109,1060.060059,0.97135522635711
1060.040039,0.971234703052428,1060.040039,0.974471812155886
1060.02002,0.971375541186987,1060.02002,0.973891107435684
1060,0.970087412320819,1060,0.974305642904879
1059.97998,0.970718666987344,1059.97998,0.972873122090744
1059.959961,0.974394011308985,1059.959961,0.974955325549655
1059.939941,0.973410438757913,1059.939941,0.971877513092382
1059.920044,0.975205719039129,1059.920044,0.974992695287484
1059.900024,0.974041989249451,1059.900024,0.976441685696733
1059.880005,0.974713525615979,1059.880005,0.972730363981024
1059.859985,0.97660565947221,1059.859985,0.974245970388665
1059.839966,0.976452159483597,1059.839966,0.978237636286275
1059.819946,0.975844008090585,1059.819946,0.974601644527769
1059.800049,0.973613254561958,1059.800049,0.972355118766685
1059.780029,0.974433996213421,1059.780029,0.972556441029718
1059.76001,0.975853189536188,1059.76001,0.976192949701578
1059.73999,0.977357833389108,1059.73999,0.975865855837293
1059.719971,0.978069058640948,1059.719971,0.977116625463629
1059.699951,0.979856712304876,1059.699951,0.978647519535291
1059.680054,0.978556365322173,1059.680054,0.98048549208284
1059.660034,0.981127588400079,1059.660034,0.979008290207737
1059.640015,0.97998777598503,1059.640015,0.977020838708873
1059.619995,0.979069958501571,1059.619995,0.976902601071344
1059.599976,0.98120163588537,1059.599976,0.981307103593702
1059.579956,0.98297122170666,1059.579956,0.981416480136034
1059.560059,0.980993118073616,1059.560059,0.980700329597254
1059.540039,0.981933891112192,1059.540039,0.980402555561724
1059.52002,0.979577997197546,1059.52002,0.98069006393038
1059.5,0.982134040803016,1059.5,0.981618984330161
1059.47998,0.979964303124363,1059.47998,0.979114268093172
1059.459961,0.980949133514071,1059.459961,0.981652217793162
1059.439941,0.98419174543422,1059.439941,0.981675480830061
1059.420044,0.980702334121036,1059.420044,0.981816466527141
1059.400024,0.97851052991519,1059.400024,0.980500484506088
1059.380005,0.98112640335303,1059.380005,0.980368730649176
1059.359985,0.97986715255967,1059.359985,0.980987542725137
1059.339966,0.980269156235026,1059.339966,0.980091044602233
1059.319946,0.980046570235744,1059.319946,0.98400309809943
1059.300049,0.980677602451177,1059.300049,0.98238719985324
1059.280029,0.978656329524372,1059.280029,0.982219849639141
1059.26001,0.977695564033578,1059.26001,0.981563964034126
1059.23999,0.983272741933158,1059.23999,0.982771898580326
1059.219971,0.982260366236085,1059.219971,0.9864282
1059.199951,0.982304127568094,1059.199951,0.982211430921102
1059.180054,0.97792881351519,1059.180054,0.981367441127657
1059.160034,0.979133046485409,1059.160034,0.983697716531985
1059.140015,0.979717206741649,1059.140015,0.983362868967402
1059.119995,0.981106855414774,1059.119995,0.982509500197404
1059.099976,0.981430072387199,1059.099976,0.98325371409765
1059.079956,0.978287573164088,1059.079956,0.981987435134713
1059.060059,0.977004257471813,1059.060059,0.980681423539761
1059.040039,0.97946626016922,1059.040039,0.980979936161224
1059.02002,0.981599270124351,1059.02002,0.981644611229249
1059,0.979833682987616,1059,0.981278596887075
1058.97998,0.976845499018901,1058.97998,0.978761695434187
1058.959961,0.978067874564454,1058.959961,0.979420535382936
1058.939941,0.979698546860764,1058.939941,0.980939686615857
1058.920044,0.975090501602353,1058.920044,0.977511442721204
1058.900024,0.979408725698251,1058.900024,0.981196324415698
1058.880005,0.980046495503048,1058.880005,0.980101310269107
1058.859985,0.978794723802692,1058.859985,0.982800923168308
1058.839966,0.979577331397157,1058.839966,0.979187161587997
1058.819946,0.976966344701242,1058.819946,0.979719934694721
1058.800049,0.981279237541253,1058.800049,0.982337793003899
1058.780029,0.981068572862938,1058.780029,0.979479026936059
1058.76001,0.980481154455229,1058.76001,0.980763474338558
1058.73999,0.983226314487928,1058.73999,0.979987798419949
1058.719971,0.978277280433578,1058.719971,0.978691830819292
1058.699951,0.981028660750089,1058.699951,0.976353653610278
1058.680054,0.980276931347154,1058.680054,0.974649944950212
1058.660034,0.976456676444256,1058.660034,0.9758524886903
1058.640015,0.983600624361081,1058.640015,0.977159903888926
1058.619995,0.979309575791281,1058.619995,0.974111558396793
1058.599976,0.980270415044217,1058.599976,0.973617040750217
1058.579956,0.979026565980274,1058.579956,0.973385955313268
1058.560059,0.979789699398626,1058.560059,0.97471079939752
1058.540039,0.979538308312234,1058.540039,0.973844875634656
1058.52002,0.979983999557457,1058.52002,0.973705959526993
1058.5,0.978479059685414,1058.5,0.969713627643639
1058.47998,0.98073565519825,1058.47998,0.972321293854137
1058.459961,0.982094129660723,1058.459961,0.97676663737141
1058.439941,0.982478657531689,1058.439941,0.974445151430092
1058.420044,0.981776984477272,1058.420044,0.974040438282611
1058.400024,0.982326416352267,1058.400024,0.975268387249206
1058.380005,0.983322576024696,1058.380005,0.974568411064768
1058.359985,0.98247554787506,1058.359985,0.977005034131499
1058.339966,0.985767696897068,1058.339966,0.975962602850563
1058.319946,0.981753732903031,1058.319946,0.974389318011928
1058.300049,0.980366380561861,1058.300049,0.972451717675568
1058.280029,0.981729297252297,1058.280029,0.972408661890854
1058.26001,0.982930273041602,1058.26001,0.972695875018737
1058.23999,0.985571471158102,1058.23999,0.976550175548744
1058.219971,0.984724146018788,1058.219971,0.974707106467853
1058.199951,0.982650818371741,1058.199951,0.971359362631938
1058.180054,0.982352555326156,1058.180054,0.971097406626175
1058.160034,0.983350714340861,1058.160034,0.973390090620094
1058.140015,0.98587003022281,1058.140015,0.973847091392456
1058.119995,0.983813584400797,1058.119995,0.973415495846601
1058.099976,0.982681621830573,1058.099976,0.971338166280449
1058.079956,0.983181441871012,1058.079956,0.972633691503949
1058.060059,0.983343753523962,1058.060059,0.970774891413876
1058.040039,0.98437360599598,1058.040039,0.973333297911419
1058.02002,0.98567928423457,1058.02002,0.972646024824236
1058,0.984176121447823,1058,0.969472351076012
1057.97998,0.984472607408111,1057.97998,0.970363310288416
1057.959961,0.984148352912922,1057.959961,0.969932601432881
1057.939941,0.9864282,1057.939941,0.971931868370676
1057.920044,0.98330265733462,1057.920044,0.968819640519309
1057.900024,0.985954370438611,1057.900024,0.970294627604614
1057.880005,0.982794914657769,1057.880005,0.967855197911336
1057.859985,0.984856394745991,1057.859985,0.968960921457162
1057.839966,0.984753247125021,1057.839966,0.968556060205293
1057.819946,0.983425649883523,1057.819946,0.967715985498098
1057.800049,0.981449398068473,1057.800049,0.963785173854195
1057.780029,0.984870537666216,1057.780029,0.966869780914855
1057.76001,0.982320788106702,1057.76001,0.964829894557924
1057.73999,0.981027032159633,1057.73999,0.961349658375964
1057.719971,0.979910248091289,1057.719971,0.961927925278584
1057.699951,0.983503770786066,1057.699951,0.961872461927788
1057.680054,0.982096425022124,1057.680054,0.961863304139815
1057.660034,0.983588110031313,1057.660034,0.964372007579242
1057.640015,0.980582598753046,1057.640015,0.957934560342925
1057.619995,0.982267919091232,1057.619995,0.957251644138348
1057.599976,0.982506203809608,1057.599976,0.960527455899555
1057.579956,0.981659323184256,1057.579956,0.958554627918173
1057.560059,0.98287295985706,1057.560059,0.960644512477192
1057.540039,0.985656477174292,1057.540039,0.958188466052414
1057.52002,0.984919335205544,1057.52002,0.958432770919169
1057.5,0.981615560881693,1057.5,0.954937099452801
1057.47998,0.984249946676133,1057.47998,0.956198873428745
1057.459961,0.982490801109637,1057.459961,0.951555087455977
1057.439941,0.983247936501157,1057.439941,0.954676030137359
1057.420044,0.981417927838696,1057.420044,0.950020058464691
1057.400024,0.979468555530621,1057.400024,0.949968435373549
1057.380005,0.982772699635738,1057.380005,0.952912869956058
1057.359985,0.980232946787609,1057.359985,0.950847208982853
1057.339966,0.981882724449321,1057.339966,0.951378210160938
1057.319946,0.981057984113304,1057.319946,0.949356343945581
1057.300049,0.980865016525806,1057.300049,0.949272299545565
1057.280029,0.98128804920559,1057.280029,0.947390975004526
1057.26001,0.981005039394583,1057.26001,0.948391457992448
1057.23999,0.982148332218081,1057.23999,0.948446995201836
1057.219971,0.980569048841622,1057.219971,0.947854031600742
1057.199951,0.977092891420738,1057.199951,0.947247848376241
1057.180054,0.979132528209304,1057.180054,0.944466554552011
1057.160034,0.977969317666285,1057.160034,0.946208297386845
1057.140015,0.979737199193867,1057.140015,0.948029801113681
1057.119995,0.97772740404462,1057.119995,0.948572987991667
1057.099976,0.97661284254609,1057.099976,0.948144568268525
1057.079956,0.978066393498281,1057.079956,0.946310214114449
1057.060059,0.975100793362308,1057.060059,0.947199179435233
1057.040039,0.974356469290235,1057.040039,0.947226504985167
1057.02002,0.975255330873685,1057.02002,0.949834614250424
1057,0.97421948134539,1057,0.949710689307607
1056.97998,0.972943347756442,1056.97998,0.949022677247289
1056.959961,0.972778221495431,1056.959961,0.947906171702037
1056.939941,0.969648607256854,1056.939941,0.946603040205026
1056.920044,0.968066065534816,1056.920044,0.946059484130873
1056.900024,0.96801904537195,1056.900024,0.948235554892316
1056.880005,0.968283616879667,1056.880005,0.948540640444586
1056.859985,0.968910132231495,1056.859985,0.951029255992226
1056.839966,0.967282865805049,1056.839966,0.951111232545229
1056.819946,0.968539450776354,1056.819946,0.954931929835268
1056.800049,0.966959648735568,1056.800049,0.95172184689813
1056.780029,0.964034997361709,1056.780029,0.952988125861067
1056.76001,0.964623156108392,1056.76001,0.953629610685982
1056.73999,0.963070973816502,1056.73999,0.956765693120598
1056.719971,0.963494599213922,1056.719971,0.95720984346572
1056.699951,0.962973971649592,1056.699951,0.957818094634035
1056.680054,0.961280951223142,1056.680054,0.957112505583703
1056.660034,0.960429924097786,1056.660034,0.957877619917063
1056.640015,0.957650183499293,1056.640015,0.959069750660291
1056.619995,0.963933404277887,1056.619995,0.962735726490892
1056.599976,0.960482201560286,1056.599976,0.961319748065663
1056.579956,0.960151875955511,1056.579956,0.965117181738001
1056.560059,0.957867142417675,1056.560059,0.962176070501792
1056.540039,0.959041904985672,1056.540039,0.965231358024098
1056.52002,0.954921165340875,1056.52002,0.963613983186842
1056.5,0.958013460205906,1056.5,0.966569864980118
1056.47998,0.955208321263667,1056.47998,0.966253701413247
1056.459961,0.957001898221729,1056.459961,0.964728642460861
1056.439941,0.956239653928358,1056.439941,0.965233204295332
1056.420044,0.955684224123586,1056.420044,0.966945184537051
1056.400024,0.958395767059946,1056.400024,0.967496273606923
1056.380005,0.958744604536044,1056.380005,0.969848187739898
1056.359985,0.955945537479834,1056.359985,0.965849800807093
1056.339966,0.959339353444862,1056.339966,0.966820816539473
1056.319946,0.961514496820934,1056.319946,0.969746345161289
1056.300049,0.96249140457423,1056.300049,0.969223910321629
1056.280029,0.958773705157,1056.280029,0.965495381489674
1056.26001,0.955846758227628,1056.26001,0.961855475806521
1056.23999,0.960570021796315,1056.23999,0.964000159085796
1056.219971,0.961622606013581,1056.219971,0.962999159184521
1056.199951,0.963993604862076,1056.199951,0.963703418876972
1056.180054,0.963331250523484,1056.180054,0.960231897331425
1056.160034,0.96327734398525,1056.160034,0.960915773600915
1056.140015,0.96217137160291,1056.140015,0.957111619377383
1056.119995,0.961706723972401,1056.119995,0.954214967432763
1056.099976,0.966986453995124,1056.099976,0.954002123906769
1056.079956,0.963900675335974,1056.079956,0.947547025821845
1056.060059,0.967407635730414,1056.060059,0.951958175714405
1056.040039,0.966414511564251,1056.040039,0.947998487586907
1056.02002,0.968261402634079,1056.02002,0.948423657725542
1056,0.964698314199202,1056,0.943201087936801
1055.97998,0.970896602626692,1055.97998,0.942823405098481
1055.959961,0.973265528176657,1055.959961,0.939733702182081
1055.939941,0.97199783647078,1055.939941,0.936402426973278
1055.920044,0.972847308476655,1055.920044,0.937152253739418
1055.900024,0.975514422339508,1055.900024,0.931791579319538
1055.880005,0.972543491918202,1055.880005,0.929423122216856
1055.859985,0.97223500990425,1055.859985,0.927173937256012
1055.839966,0.974058353768935,1055.839966,0.924359040288614
1055.819946,0.974302562752,1055.819946,0.923228354958241
1055.800049,0.974612451099428,1055.800049,0.920136436477641
1055.780029,0.974673984254951,1055.780029,0.918376969032407
1055.76001,0.977234026544976,1055.76001,0.915636884915258
1055.73999,0.975446521375888,1055.73999,0.915143474857181
1055.719971,0.977594341022188,1055.719971,0.915107730105206
1055.699951,0.973958242042451,1055.699951,0.910616450027677
1055.680054,0.974128477302368,1055.680054,0.90924522632841
1055.660034,0.975045850271864,1055.660034,0.905196693379529
1055.640015,0.976307989435427,1055.640015,0.90676635934069
1055.619995,0.974254209726635,1055.619995,0.907606212665706
1055.599976,0.971072391399478,1055.599976,0.904528473873426
1055.579956,0.97008000757229,1055.579956,0.903264336616095
1055.560059,0.969588406672664,1055.560059,0.902873360295775
1055.540039,0.97032702980464,1055.540039,0.905117818693846
1055.52002,0.970506150588091,1055.52002,0.907430000001207
1055.5,0.966154679177121,1055.5,0.905069888241972
1055.47998,0.961314864920937,1055.47998,0.904145178169213
1055.459961,0.963914966459873,1055.459961,0.906768353425911
1055.439941,0.959060861079791,1055.439941,0.908251094695515
1055.420044,0.959625991091548,1055.420044,0.908349835794005
1055.400024,0.953597937729864,1055.400024,0.908517703115058
1055.380005,0.953150765321413,1055.380005,0.912891631180576
1055.359985,0.950234555248292,1055.359985,0.910522287774774
1055.339966,0.947751448716705,1055.339966,0.914381388435748
1055.319946,0.943290905420075,1055.319946,0.918142708159945
1055.300049,0.943004415880006,1055.300049,0.918971335753174
1055.280029,0.941862086137742,1055.280029,0.922441823375214
1055.26001,0.937609542085594,1055.26001,0.924272854182991
1055.23999,0.933382618537119,1055.23999,0.929576292742635
1055.219971,0.932713822045954,1055.219971,0.928236899580295
1055.199951,0.928576347809242,1055.199951,0.932380185554025
1055.180054,0.929301864476146,1055.180054,0.93607149284934
1055.160034,0.927755976230212,1055.160034,0.938573697313354
1055.140015,0.923042412965566,1055.140015,0.943107811987018
1055.119995,0.922699203055646,1055.119995,0.948545514724546
1055.099976,0.921435139379559,1055.099976,0.950247229396192
1055.079956,0.917758536248727,1055.079956,0.955738401689696
1055.060059,0.91432525297598,1055.060059,0.956514963137023
1055.040039,0.912837047695852,1055.040039,0.958481661435957
1055.02002,0.913189217279671,1055.02002,0.961897424099536
1055,0.910128985070886,1055,0.963343312931866
1054.97998,0.910715588795144,1054.97998,0.965145762690422
1054.959961,0.909157704883768,1054.959961,0.968749110886672
1054.939941,0.909578960672367,1054.939941,0.968324236182411
1054.920044,0.908339628860249,1054.920044,0.969130265756481
1054.900024,0.909554376915014,1054.900024,0.969470209854406
1054.880005,0.909781480457288,1054.880005,0.971661493646874
1054.859985,0.90977800024295,1054.859985,0.971278715436815
1054.839966,0.909985703274198,1054.839966,0.967240226191828
1054.819946,0.91087530906757,1054.819946,0.965722921810942
1054.800049,0.90795406385474,1054.800049,0.965151375459515
1054.780029,0.913270521406874,1054.780029,0.966560633333551
1054.76001,0.915067874695454,1054.76001,0.963903190496746
1054.73999,0.916730313628887,1054.73999,0.960301835804914
1054.719971,0.919118713549075,1054.719971,0.959034818352843
1054.699951,0.923788514802324,1054.699951,0.95307674920347
1054.680054,0.927517987822125,1054.680054,0.953242400863522
1054.660034,0.928322290997851,1054.660034,0.946575936230871
1054.640015,0.931625250832363,1054.640015,0.942905603130464
1054.619995,0.93264021897757,1054.619995,0.939557784951955
1054.599976,0.937600064038535,1054.599976,0.93761279933706
1054.579956,0.944574295456824,1054.579956,0.937881180169243
1054.560059,0.946271758790625,1054.560059,0.934585501995229
1054.540039,0.947172249643921,1054.540039,0.928844633738456
1054.52002,0.952532913527304,1054.52002,0.932363199432758
1054.5,0.952360012736499,1054.5,0.929770968506668
1054.47998,0.957451514195253,1054.47998,0.929263526477458
1054.459961,0.961436450845199,1054.459961,0.932202274335479
1054.439941,0.962096731788205,1054.439941,0.930722708694988
1054.420044,0.96516540549184,1054.420044,0.934688969753292
1054.400024,0.96480353560398,1054.400024,0.934566448026948
1054.380005,0.967854437969378,1054.380005,0.93886275690607
1054.359985,0.968418975554666,1054.359985,0.941032697888266
1054.339966,0.970233285789199,1054.339966,0.946868983897228
1054.319946,0.968340115089592,1054.319946,0.948388873135281
1054.300049,0.972855083588783,1054.300049,0.956086026500528
1054.280029,0.970230175744347,1054.280029,0.956607426739079
1054.26001,0.972044337678152,1054.26001,0.961610949363986
1054.23999,0.96804511009842,1054.23999,0.960821242055045
1054.219971,0.963084302344443,1054.219971,0.953321866417952
1054.199951,0.962548198997389,1054.199951,0.94577271396095
1054.180054,0.960091601318013,1054.180054,0.931327488703016
1054.160034,0.955798553405936,1054.160034,0.912113223365216
1054.140015,0.955278962490872,1054.140015,0.889678683378798
1054.119995,0.953179939995678,1054.119995,0.861528163545561
1054.099976,0.95016369186116,1054.099976,0.83197037992351
1054.079956,0.946275387111581,1054.079956,0.795082860204457
1054.060059,0.942418182325236,1054.060059,0.754558536572771
1054.040039,0.939063537454692,1054.040039,0.692375865302628
1054.02002,0.936904240321999,1054.02002,0.631745726058391
1054,0.931495445670233,1054,0.582985567267267
1053.97998,0.929137183020265,1053.97998,0.529530848834456
1053.959961,0.933001940661757,1053.959961,0.478477045694099
1053.939941,0.930703360222819,1053.939941,0.422398819689321
1053.920044,0.930154446623929,1053.920044,0.381770437624425
1053.900024,0.927173297040144,1053.900024,0.340590781794773
1053.880005,0.930049373325768,1053.880005,0.305181147554213
1053.859985,0.932801716432347,1053.859985,0.265873326162357
1053.839966,0.935149982565039,1053.839966,0.22614858762787
1053.819946,0.941240013693264,1053.819946,0.190986600089214
1053.800049,0.947755891527001,1053.800049,0.161150687075059
1053.780029,0.952393111944954,1053.780029,0.141272559500963
1053.76001,0.953193934906341,1053.76001,0.122055173806995
1053.73999,0.958754674912517,1053.73999,0.104300312262506
1053.719971,0.958453227865828,1053.719971,0.0885762808497997
1053.699951,0.957592870702973,1053.699951,0.0805921450316736
1053.680054,0.958988294563617,1053.680054,0.0723413546977241
1053.660034,0.947437635640976,1053.660034,0.0638080591936565
1053.640015,0.940462811796217,1053.640015,0.0575507664249586
1053.619995,0.920940206275156,1053.619995,0.0489941473063931
1053.599976,0.892055561842085,1053.599976,0.039718207198748
1053.579956,0.861633988836978,1053.579956,0.0382417964527558
1053.560059,0.823341469987859,1053.560059,0.0304288951234571
1053.540039,0.779647413031829,1053.540039,0.0307073060687771
1053.52002,0.72141177330908,1053.52002,0.0238655750909036
1053.5,0.668335684600601,1053.5,0.0247873287387228
1053.47998,0.617781022050727,1053.47998,0.0179414123889326
1053.459961,0.567419067950298,1053.459961,0.0177637654157182
1053.439941,0.518914149349479,1053.439941,0.017315294691366
1053.420044,0.456915974473656,1053.420044,0.0132283421865486
1053.400024,0.387793881305463,1053.400024,0.0131032368033606
1053.380005,0.32617512549581,1053.380005,0.0114296808123903
1053.359985,0.285169582741214,1053.359985,0.00928454338214318
1053.339966,0.246181092068942,1053.339966,0.00698671889207918
1053.319946,0.208068156763662,1053.319946,0.00739304912457764
1053.300049,0.176460140275942,1053.300049,0.00852241607131484
1053.280029,0.152249341882013,1053.280029,0.00831048757778835
1053.26001,0.133512759142603,1053.26001,0.00257100776673876
1053.23999,0.117741017080268,1053.23999,0.00324057048574223
1053.219971,0.107180270467772,1053.219971,0.00661968062005746
1053.199951,0.0913996611962657,1053.199951,0.00320101657797176
1053.180054,0.0756146507415462,1053.180054,0.00336665873707925
1053.160034,0.0645292364374898,1053.160034,0.00274898765925667
1053.140015,0.057050779001009,1053.140015,0.00448335041953842
1053.119995,0.0501124836928714,1053.119995,0.00241721060548778
1053.099976,0.0447226775420384,1053.099976,0.00145880061834746
1053.079956,0.0405537886009728,1053.079956,0.00328409224751598
1053.060059,0.0323016419371267,1053.060059,0.00268792414276112
1053.040039,0.0304268049150357,1053.040039,0.0011196819245672
1053.02002,0.027165809227053,1053.02002,0.0030447107316734
1053,0.0235517229766719,1053,0.0016163782602552
1052.97998,0.0208728766239368,1052.97998,0.00345949162145447
1052.959961,0.0153456847270851,1052.959961,9.47853878753142E-4
1052.939941,0.0159044628478382,1052.939941,4.92461279686024E-5
1052.920044,0.01458106283723,1052.920044,0.00153305391473197
1052.900024,0.00960890272365955,1052.900024,0
1052.880005,0.0093626307978799,1052.880005,0.00174446240988119
1052.859985,0.00772332882784797,1052.859985,0.00215606676643455
1052.839966,0.00654593647448487,1052.839966,0.00114308581261123
1052.819946,0.00714251118169976,1052.819946,0.00181371896333694
1052.800049,0.00468099144191972,1052.800049,0
1052.780029,0.00545707997513216,1052.780029,5.4220988474076E-4
1052.76001,0.00421802317739731,1052.76001,0.00175782052347482
1052.73999,0.00617245684568232,1052.73999,0.00239017560151401
1052.719971,0.00359944596950051,1052.719971,0
1052.699951,0.0032132044389752,1052.699951,0
1052.680054,0.00428190991303296,1052.680054,6.95125429068593E-4
1052.660034,0.00407505060131452,1052.660034,0.00171131234223505
1052.640015,0.00451181128150926,1052.640015,0
1052.619995,0.00237511275048649,1052.619995,0
1052.599976,0.00338854413036899,1052.599976,0.00283315986851948
1052.579956,0,1052.579956,0
1052.560059,0.00209846243283626,1052.560059,4.71238851370341E-4
1052.540039,0.00317784505463158,1052.540039,0
1052.52002,0.00494345285447233,1052.52002,0.00171569359720855
1052.5,0.00387490733459062,1052.5,0.00273058332715676
1052.47998,0,1052.47998,2.49615185586469E-4
1052.459961,0.00366871849939319,1052.459961,0.00294965361076345
1052.439941,0.00126237826839927,1052.439941,1.62044380313821E-4
1052.420044,3.33149014987748E-4,1052.420044,8.14815105053453E-4
1052.400024,0.00191733648378008,1052.400024,0
1052.380005,0,1052.380005,9.39755176543897E-4
1052.359985,0.0039923503217525,1052.359985,0.00299383456483887
1052.339966,0.00235747948236297,1052.339966,0
1052.319946,0,1052.319946,0
1052.300049,0.00322793004324328,1052.300049,5.48343736471106E-4
1052.280029,5.45065245560987E-4,1052.280029,0.00143025047841527
1052.26001,0,1052.26001,0
1052.23999,0.00290789935563772,1052.23999,0.00182758034241605
1052.219971,0,1052.219971,0
1052.199951,0.00124448077263549,1052.199951,0
1052.180054,0,1052.180054,0
1052.160034,0,1052.160034,0
1052.140015,8.39937740028886E-4,1052.140015,0
1052.119995,4.70225310573188E-4,1052.119995,1.93533988201112E-4
1052.099976,0,1052.099976,0
1052.079956,7.05056582018734E-4,1052.079956,0.00307177256577341
1052.060059,0,1052.060059,0
1052.040039,0.00326755004830246,1052.040039,0.00137226858346696
1052.02002,0.00240243090248091,1052.02002,3.68528957107322E-4
1052,9.93537206984143E-5,1052,4.51363667491951E-4
1051.97998,0.00177622955706223,1051.97998,0
1051.959961,7.67570548185796E-4,1051.959961,5.27255283384551E-4
1051.939941,0,1051.939941,0
1051.920044,0.00396237702089115,1051.920044,0.00274427695139672
1051.900024,0,1051.900024,0
1051.880005,0,1051.880005,2.50569104748493E-4
1051.859985,4.03519321512321E-5,1051.859985,0
1051.839966,0.00194440486939634,1051.839966,0.00153111888734635
1051.819946,7.36995755973494E-4,1051.819946,8.19351711075239E-5
1051.800049,0.00239152510374899,1051.800049,0.00161556905369681
1051.780029,0.00187528101292473,1051.780029,0.00121925495347515
1051.76001,8.33239195296708E-4,1051.76001,0
1051.73999,0.00301622669982111,1051.73999,6.23336390093552E-4
1051.719971,0.00216559423977717,1051.719971,0
1051.699951,0,1051.699951,1.84363808342892E-4
1051.680054,0,1051.680054,9.85794205772294E-4
1051.660034,0,1051.660034,0
1051.640015,0,1051.640015,0
1051.619995,0,1051.619995,3.08836079831103E-4
1051.599976,0.00133464914105465,1051.599976,5.15761762601757E-5
1051.579956,0,1051.579956,0
1051.560059,0,1051.560059,0
1051.540039,3.99400098650102E-4,1051.540039,0
1051.52002,0.00111589907016028,1051.52002,0
1051.5,0,1051.5,0.00303162956650878
1051.47998,0.00133382550812133,1051.47998,0
1051.459961,3.64204175484185E-4,1051.459961,4.32516688161254E-4
1051.439941,0.00295001961780006,1051.439941,0.00249193370351017
1051.420044,8.4049063717168E-4,1051.420044,0
1051.400024,7.64827828418285E-4,1051.400024,0
1051.380005,0.00303156550915951,1051.380005,0.00380157286182225
1051.359985,0,1051.359985,0
1051.339966,7.64449058458967E-4,1051.339966,0.00144890060184663
1051.319946,0.00178364760509972,1051.319946,0
1051.300049,3.37579748673358E-4,1051.300049,0.0016900267438164
1051.280029,7.14697644480295E-4,1051.280029,6.57079732359998E-4
1051.26001,0.00182070415054647,1051.26001,0.00163554304449786
1051.23999,0.00197687553704954,1051.23999,0
1051.219971,0.00158515189346771,1051.219971,1.82850692799372E-4
1051.199951,0.00148803246707487,1051.199951,0
1051.180054,0,1051.180054,0
1051.160034,0,1051.160034,0
1051.140015,3.99799007518314E-4,1051.140015,0.0016917487244923
1051.119995,0.00182589759448866,1051.119995,0
1051.099976,0.00255133204475072,1051.099976,1.59718379802284E-4
1051.079956,0,1051.079956,0
1051.060059,0,1051.060059,0
1051.040039,0.00167798727092984,1051.040039,1.55056083491459E-4
1051.02002,0,1051.02002,0
1051,6.22546338193163E-4,1051,0.00134982557442637
1050.97998,0,1050.97998,0.00146928092623141
1050.959961,0,1050.959961,0
1050.939941,0,1050.939941,0.0012977611293051
1050.920044,6.49736931373846E-4,1050.920044,0
1050.900024,0,1050.900024,0
1050.880005,0.00124468946514706,1050.880005,0
1050.859985,0,1050.859985,0
1050.839966,0,1050.839966,0
1050.819946,8.31291111496791E-4,1050.819946,0
1050.800049,7.97950315040941E-4,1050.800049,0.00134111600066595
1050.780029,0,1050.780029,0
1050.76001,0,1050.76001,0
1050.73999,0,1050.73999,0
1050.719971,7.18562284102359E-4,1050.719971,0.00135253735414942
1050.699951,0,1050.699951,0
1050.680054,6.29704214634723E-7,1050.680054,2.23244260875158E-4
1050.660034,8.72954325858611E-5,1050.660034,0
1050.640015,0,1050.640015,0.00106576899729486
1050.619995,0,1050.619995,0
1050.599976,0.00133235005466565,1050.599976,0
1050.579956,0,1050.579956,0
1050.560059,0.00319841548952634,1050.560059,6.77911107205559E-4
1050.540039,0,1050.540039,0.00105608808719963
1050.52002,0,1050.52002,0
1050.5,0.00154817214314605,1050.5,0
1050.47998,4.43699915067571E-4,1050.47998,0
1050.459961,0,1050.459961,0
1050.439941,0.00154457592522142,1050.439941,0
1050.420044,0,1050.420044,0
1050.400024,0,1050.400024,8.12480522037848E-4
1050.380005,6.04385156940877E-4,1050.380005,0
1050.359985,0,1050.359985,6.45860391615768E-4
1050.339966,4.36173362336473E-4,1050.339966,0
1050.319946,1.54140558855404E-4,1050.319946,0
1050.300049,0.00111414904877667,1050.300049,0.00274667918423742
1050.280029,6.06971719050377E-4,1050.280029,0.00129346584263665
1050.26001,0.00146166637469735,1050.26001,0.00156447709876937
1050.23999,0,1050.23999,0
1050.219971,0,1050.219971,0
1050.199951,0,1050.199951,8.98463854265119E-4
1050.180054,0,1050.180054,0
1050.160034,0.00172415541020168,1050.160034,0.00123817135020358
1050.140015,6.69128536494906E-4,1050.140015,0.00239302484534092
1050.119995,0,1050.119995,0
1050.099976,7.35393323319239E-4,1050.099976,0
1050.079956,3.26943348501978E-4,1050.079956,0
1050.060059,0,1050.060059,0.00117917534966448
1050.040039,0,1050.040039,0.00378811493264732
1050.02002,0.00137594475702477,1050.02002,4.41133224971715E-5
1050,0,1050,0
1049.97998,0.00101646052707459,1049.97998,0
1049.959961,0.00269876424210337,1049.959961,0.00206066317224958
1049.939941,0,1049.939941,0
1049.920044,0,1049.920044,0
1049.900024,0,1049.900024,0.00148018242653797
1049.880005,0,1049.880005,0
1049.859985,0,1049.859985,0
1049.839966,0,1049.839966,0
1049.819946,3.79145016518737E-4,1049.819946,0.00112600635847566
1049.800049,6.75261529606451E-4,1049.800049,5.69750282643984E-4
1049.780029,3.19582028598776E-4,1049.780029,6.70128803400601E-4
1049.76001,0,1049.76001,0
1049.73999,0,1049.73999,0.00149377291591593
1049.719971,0.00425106800083093,1049.719971,0.00438653669927794
1049.699951,6.91843526381782E-4,1049.699951,4.77527728900123E-4
1049.680054,0,1049.680054,0
1049.660034,0,1049.660034,0
1049.640015,0,1049.640015,5.07405847018365E-4
1049.619995,0,1049.619995,0
1049.599976,0,1049.599976,0
1049.579956,0,1049.579956,0
1049.560059,0,1049.560059,4.19835979256171E-4
1049.540039,5.20983207430209E-5,1049.540039,8.69544667626023E-4
1049.52002,7.18719273331467E-4,1049.52002,0
1049.5,0,1049.5,0
1049.47998,0,1049.47998,0
1049.459961,3.02538229567573E-4,1049.459961,7.78078653552275E-5
1049.439941,0.00190410209574336,1049.439941,6.88186157024971E-4
1049.420044,0.00140975160453294,1049.420044,0
1049.400024,9.51826808726913E-4,1049.400024,0
1049.380005,0,1049.380005,1.68039397442318E-4
1049.359985,6.86813218190364E-4,1049.359985,0
1049.339966,0,1049.339966,0.00170988548423574
1049.319946,0,1049.319946,0
1049.300049,0,1049.300049,7.30072700673953E-4
1049.280029,0,1049.280029,0
1049.26001,2.07666638268502E-4,1049.26001,0.00119211840119554
1049.23999,0.00300432357481025,1049.23999,0.00198422011280458
1049.219971,0,1049.219971,0
1049.199951,7.04776300921714E-4,1049.199951,0
1049.180054,2.29768386689272E-4,1049.180054,0
1049.160034,4.81476434635622E-4,1049.160034,1.17775869634789E-4
1049.140015,0,1049.140015,6.37747842033473E-4
1049.119995,0,1049.119995,0.00127134694891655
1049.099976,0,1049.099976,0
1049.079956,0.00157811290422656,1049.079956,0
1049.060059,0,1049.060059,0
1049.040039,0,1049.040039,0
1049.02002,0.00220891777211967,1049.02002,0.00287895664049689
1049,0,1049,0
1048.97998,0.00209115733502023,1048.97998,0
1048.959961,7.26323669871796E-4,1048.959961,0.00105139108238354
1048.939941,0,1048.939941,0
1048.920044,0,1048.920044,0
1048.900024,8.62592494100445E-4,1048.900024,9.52348221397088E-4
1048.880005,0,1048.880005,0
1048.859985,0.00414043564114107,1048.859985,0.00148536481105672
1048.839966,0.0010432096555808,1048.839966,0.0014527480121346
1048.819946,0.00139489468132887,1048.819946,0.00255948818326214
1048.800049,0,1048.800049,0
1048.780029,0,1048.780029,0
1048.76001,0,1048.76001,0
1048.73999,5.91919842989572E-4,1048.73999,0.00167160149705373
1048.719971,0,1048.719971,0
1048.699951,0,1048.699951,1.75118766072693E-4
1048.680054,0.00137995662462108,1048.680054,0.00156432636431877
1048.660034,0.00352551307952057,1048.660034,0.00231708216673384
1048.640015,0,1048.640015,0
1048.619995,0.00226712021072574,1048.619995,0.00167206985539983
1048.599976,0.00291138074143571,1048.599976,4.70651130761372E-4
1048.579956,0,1048.579956,0
1048.560059,0,1048.560059,0
1048.540039,0.00118095653619524,1048.540039,0.0016844652866013
1048.52002,8.08069721015831E-4,1048.52002,0
1048.5,0.00147652488864025,1048.5,0
1048.47998,9.70588576773356E-4,1048.47998,0.00299269388710874
1048.459961,0,1048.459961,7.64041225304295E-5
1048.439941,0,1048.439941,0
1048.420044,0.00282952622247914,1048.420044,0.00110499770848602
1048.400024,0,1048.400024,7.68630750669416E-4
1048.380005,0,1048.380005,0
1048.359985,0,1048.359985,5.56043532870473E-4
1048.339966,0.00266815083531254,1048.339966,0
1048.319946,0.00178209145197818,1048.319946,0
1048.300049,5.5961321583806E-4,1048.300049,3.59766626143992E-4
1048.280029,0,1048.280029,0
1048.26001,0,1048.26001,0
1048.23999,0,1048.23999,6.48010919694343E-4
1048.219971,0,1048.219971,0
1048.199951,0,1048.199951,0.00229242170104827
1048.180054,8.16425583259437E-4,1048.180054,0
1048.160034,0.00538781149536342,1048.160034,0.00516126628699324
1048.140015,0.00304454145406081,1048.140015,0.00102780508692677
1048.119995,0.00258978261995363,1048.119995,6.61519983699941E-4
1048.099976,0,1048.099976,0
1048.079956,7.03875221815333E-4,1048.079956,1.33093162567672E-4
1048.060059,3.74348565181938E-4,1048.060059,0.0020319667700385
1048.040039,0,1048.040039,0
1048.02002,0,1048.02002,1.69522176754423E-5
1048,0.00114709024901761,1048,0.00186471744890769
1047.97998,7.11326461555122E-4,1047.97998,0.00249600858568163
1047.959961,0,1047.959961,0
1047.939941,0,1047.939941,5.88303401670197E-4
1047.920044,0,1047.920044,0
1047.900024,0,1047.900024,0
1047.880005,0.00248478046926142,1047.880005,1.84795042630202E-4
1047.859985,0.00105179857960078,1047.859985,0.002025830646503
1047.839966,0.00169113604053048,1047.839966,0.00127506295286052
1047.819946,0,1047.819946,0
1047.800049,0.00424302401987137,1047.800049,0.00260307514194257
1047.780029,0,1047.780029,8.40585237055974E-4
1047.76001,0,1047.76001,0
1047.73999,0.00102698184258105,1047.73999,0
1047.719971,0.00110911035198562,1047.719971,0.00115399661639016
1047.699951,0.00332996624828211,1047.699951,0.00266210540105934
1047.680054,4.57988610832242E-4,1047.680054,0.00107354430534551
1047.660034,0,1047.660034,0.00103108807139316
1047.640015,2.06010206679224E-4,1047.640015,6.90110826686681E-5
1047.619995,0,1047.619995,2.29198168581637E-4
1047.599976,0,1047.599976,5.28807020196376E-4
1047.579956,0,1047.579956,0
1047.560059,2.15409277195371E-4,1047.560059,0.00283432478019306
1047.540039,0.00246859676602275,1047.540039,0
1047.52002,0.00443433163500329,1047.52002,0
1047.5,0.00123822029330769,1047.5,0.00145220810775321
1047.47998,0.00245614262422139,1047.47998,0.00187665505072662
1047.459961,0.00133494836786086,1047.459961,1.13103314045906E-5
1047.439941,0,1047.439941,0
1047.420044,0,1047.420044,3.28997046323231E-4
1047.400024,0.0018597683656281,1047.400024,0
1047.380005,0.00149264249808779,1047.380005,0
1047.359985,0.00112613178837346,1047.359985,0.00205136825800482
1047.339966,9.77420681645983E-4,1047.339966,1.47425623177604E-4
1047.319946,0,1047.319946,0
1047.300049,8.14782728174776E-4,1047.300049,6.62716700839176E-4
1047.280029,0.00160118865766622,1047.280029,0
1047.26001,0.00172210565635297,1047.26001,0
1047.23999,0,1047.23999,0
1047.219971,5.1652560074034E-4,1047.219971,1.64527263737654E-4
1047.199951,7.81984813709799E-5,1047.199951,0.00105769561028789
1047.180054,0,1047.180054,0.00170793632014111
1047.160034,0,1047.160034,0
1047.140015,0,1047.140015,0
1047.119995,0,1047.119995,0
1047.099976,0,1047.099976,0
1047.079956,2.77781656542129E-4,1047.079956,0
1047.060059,1.49304878287906E-4,1047.060059,3.24302782019118E-4
1047.040039,0,1047.040039,0
1047.02002,3.37801782524183E-4,1047.02002,0.00232558244382635
1047,0,1047,4.22361973544063E-4
